NM,Zone,ZoneID,Path,Tier,AbyssiteKI_ID,AbyssiteKI,Voidstone_KIs,Status,Rift_count,"Rift_pos(x,y,z)",Gaps
Cottus,East Ronfaure (S),81,Crimson,I,366,Crimson Stratum Abyssite,1539-1544,built,3,"(288.0,-61.0,368.0) | (183.0,-20.0,-315.0) | (434.0,-51.0,315.0)",Zone [S]: DSP [S]-zone support unchecked. Shared: Pyxis item pool is a placeholder; weakness/stagger simplified; rift params[0] and clearance range unverified; untested in game.
Pancimanci,West Sarutabaruta (S),95,Jade,I,374,Jade Stratum Abyssite,1539-1544,built,3,"(120.0,4.0,-440.0) | (-441.0,4.0,-357.0) | (0.0,-28.0,560.0)",Zone [S]: DSP [S]-zone support unchecked. Shared: Pyxis item pool is a placeholder; weakness/stagger simplified; rift params[0] and clearance range unverified; untested in game.
Lancing Lamorak,West Ronfaure,100,White,IV,1450,White Stratum Abyssite IV,1539-1544,built,3,"(-360.0,-50.5,270.0) | (-320.0,-10.0,-360.0) | (-340.0,-29.8,-40.0)",Shared: Pyxis item pool is a placeholder; weakness/stagger simplified; rift params[0] and clearance range unverified; untested in game.
Sarimanok,East Ronfaure,101,Crimson,I,366,Crimson Stratum Abyssite,1539-1544,built,3,"(288.0,-61.0,368.0) | (183.0,-20.0,-315.0) | (434.0,-51.0,315.0)",Shared: Pyxis item pool is a placeholder; weakness/stagger simplified; rift params[0] and clearance range unverified; untested in game.
Stachysaurus,La Theine Plateau,102,White,V,1451,White Stratum Abyssite V,1539-1544,built,3,"(640.0,32.0,1.0) | (-440.0,-8.0,440.0) | (200.0,32.0,-600.0)",Shared: Pyxis item pool is a placeholder; weakness/stagger simplified; rift params[0] and clearance range unverified; untested in game.
Ig-Alima,Valkurm Dunes,103,White,VI,1452,White Stratum Abyssite VI,1539-1544,built,3,"(720.0,-8.1,195.0) | (650.0,0.3,0.0) | (-75.0,-0.3,-45.0)",Shared: Pyxis item pool is a placeholder; weakness/stagger simplified; rift params[0] and clearance range unverified; untested in game.
Belphoebe,Jugner Forest,104,Crimson,III,368,Crimson Stratum Abyssite III,1539-1544,built,3,"(78.0,0.0,118.0) | (263.0,0.0,553.0) | (-325.0,0.0,-124.0)",Fixed: scripts moved to Jugner_Forest (zone 104) in commit ec40fe67bb; unpushed. Shared: Pyxis item pool is a placeholder; weakness/stagger simplified; rift params[0] and clearance range unverified; untested in game.
Sallow Seymour,North Gustaberg,106,Indigo,I,370,Indigo Stratum Abyssite,1539-1544,built,3,"(798.0,0.0,440.0) | (558.0,-10.0,603.0) | (-322.0,40.0,-42.0)",Shared: Pyxis item pool is a placeholder; weakness/stagger simplified; rift params[0] and clearance range unverified; untested in game.
Virvatuli,West Sarutabaruta,115,Jade,I,374,Jade Stratum Abyssite,1539-1544,built,3,"(120.0,4.0,-440.0) | (-441.0,4.0,-357.0) | (0.0,-28.0,560.0)",Shared: Pyxis item pool is a placeholder; weakness/stagger simplified; rift params[0] and clearance range unverified; untested in game.
Smierc,Tahrongi Canyon,117,White,V,1451,White Stratum Abyssite V,1539-1544,built,3,"(205.0,15.7,-680.0) | (200.0,-24.0,-160.0) | (360.0,24.0,280.0)",Shared: Pyxis item pool is a placeholder; weakness/stagger simplified; rift params[0] and clearance range unverified; untested in game.
Botulus Rex,Buburimu Peninsula,118,White,VI,1452,White Stratum Abyssite VI,1539-1544,built,3,"(80.0,0.0,-195.0) | (360.0,0.0,-240.0) | (-360.0,-8.0,-200.0)",Shared: Pyxis item pool is a placeholder; weakness/stagger simplified; rift params[0] and clearance range unverified; untested in game.
Lord Asag,Meriphataud Mountains,119,Jade,III,376,Jade Stratum Abyssite III,1539-1544,built,3,"(200.0,0.0,-520.0) | (-282.0,16.0,602.0) | (-520.0,16.0,520.0)",Shared: Pyxis item pool is a placeholder; weakness/stagger simplified; rift params[0] and clearance range unverified; untested in game.
Aello,Ru'Aun Gardens,130,Ashen,III,1449,Ashen Stratum Abyssite III,1539-1544,built,3,"(377.0,-40.0,246.0) | (-117.0,-40.0,436.0) | (94.0,-40.2,-459.0)","Skills in SQL, no mobskill Lua (Kaleidoscopic Fury commented out); 3 handmaiden adds; 1 of 3 mob rows partial. Shared: Pyxis item pool is a placeholder; weakness/stagger simplified; rift params[0] and clearance range unverified; untested in game."
Hahava,King Ranperre's Tomb,190,Crimson,IV,369,Crimson Stratum Abyssite IV,1539-1544,built,3,"(-115.0,9.0,60.0) | (-121.0,7.5,-361.0) | (-59.0,8.0,154.0)",Skills in SQL but no mobskill Lua. Shared: Pyxis item pool is a placeholder; weakness/stagger simplified; rift params[0] and clearance range unverified; untested in game.
Krabimanjaro,Ordelle's Caves,193,Crimson,II,367,Crimson Stratum Abyssite II,1539-1544,built,3,"(-200.0,32.0,-2.0) | (-112.0,0.0,230.0) | (-150.0,-27.5,-200.0)",Skills + spells Lua present. Shared: Pyxis item pool is a placeholder; weakness/stagger simplified; rift params[0] and clearance range unverified; untested in game.
Ogbunabali,Maze of Shakhrami,198,Jade,II,375,Jade Stratum Abyssite II,1539-1544,built,3,"(134.0,20.0,-89.0) | (-5.0,20.0,160.0) | (-285.0,0.0,-114.0)",Shared: Pyxis item pool is a placeholder; weakness/stagger simplified; rift params[0] and clearance range unverified; untested in game.
Ildebrann,Ifrit's Cauldron,205,Ashen,I,1447,Ashen Stratum Abyssite,1539-1544,built,3,"(-269.0,3.6,-169.0) | (-125.0,3.6,170.0) | (9.0,3.8,290.0)",Any Ashen tier; Hraun Dragon pets share spawn rows. Shared: Pyxis item pool is a placeholder; weakness/stagger simplified; rift params[0] and clearance range unverified; untested in game.
Bismarck,Bibiki Bay - Purgonorgo Isle,4,,,,,1539-1544,not built,3,"(-643.0,0.3,-655.0) | (-275.0,0.3,-920.0) | (-120.0,0.3,-629.0)",Abyssite path/tier not extracted from wiki roster. DSP mob data: full (group [0]).
Isarukitsck,Uleguerand Range,5,,,,,1539-1544,not built,3,"(-141.0,-19.0,-325.0) | (-220.0,-41.0,-503.0) | (295.0,0.0,-358.0)",Abyssite path/tier not extracted from wiki roster. DSP mob data: full (group [0]).
Fjalar,Attohwa Chasm,7,,,,,1539-1544,not built,3,"(40.0,-4.0,-119.0) | (361.0,21.0,222.0) | (0.0,0.0,0.0)",Abyssite path/tier not extracted from wiki roster. DSP mob data: full (group [0]).
Abununnu,Lufaise Meadows,24,,,,,1539-1544,not built,3,"(-406.0,-8.0,44.0) | (-69.0,-7.0,-193.0) | (-234.0,-15.0,125.0)",Abyssite path/tier not extracted from wiki roster. DSP mob data: full (group [0]).
Tsui-Goab,Misareaux Coast,25,,,,,1539-1544,not built,3,"(443.0,-15.0,126.0) | (267.0,-15.0,222.0) | (517.0,15.0,-313.0)",Abyssite path/tier not extracted from wiki roster. DSP mob data: full (group [0]).
Dimgruzub,Arrapago Reef,54,,,,,1539-1544,not built,3,"(548.0,-7.6,80.0) | (346.3,-2.2,113.8) | (386.3,-2.2,273.9)",Abyssite path/tier not extracted from wiki roster. DSP mob data: partial (group [13837]).
Vanasarvik,Mount Zhayolm,61,,,,,1539-1544,not built,3,"(902.8,-15.9,336.3) | (463.1,-15.8,-62.1) | (776.0,-15.8,-63.6)",Abyssite path/tier not extracted from wiki roster. DSP mob data: partial (group [13830]).
Yalungur,Mamook,65,,,,,1539-1544,not built,3,"(319.6,-3.2,-183.2) | (182.6,14.4,-195.0) | (62.2,-3.7,-85.5)",Abyssite path/tier not extracted from wiki roster. DSP mob data: none (group []).
Morta,Aydeewa Subterrane,68,,,,,1539-1544,not built,3,"(280.0,1.7,396.0) | (-153.0,8.7,44.0) | (437.0,-26.0,393.0)",Abyssite path/tier not extracted from wiki roster. DSP mob data: partial (group [13651]).
Brekekekex,Caedarva Mire,79,,,,,1539-1544,not built,3,"(242.9,-4.5,-491.4) | (269.5,-4.5,-732.2) | (-314.6,-4.3,-748.0)",Abyssite path/tier not extracted from wiki roster. DSP mob data: none (group []).
Kholomodumo,Jugner Forest (S),82,Crimson,III,368,Crimson Stratum Abyssite III,1539-1544,not built,3,"(78.0,0.0,118.0) | (275.0,0.0,564.0) | (-325.0,0.0,-124.0)",DSP mob data: full (group [13783]).
Gaunab,Vunkerl Inlet (S),83,,,,,1539-1544,not built,3,"(-277.0,-40.2,-726.0) | (-155.0,-32.1,115.0) | (-400.0,-32.0,520.0)",Abyssite path/tier not extracted from wiki roster. DSP mob data: partial (group [13814]).
Taweret,Batallia Downs (S),84,,,,,1539-1544,not built,3,"(80.0,8.0,-280.0) | (276.0,8.3,-390.0) | (-320.0,-16.0,-42.0)",Abyssite path/tier not extracted from wiki roster. DSP mob data: partial (group [13824]).
Ushumgal,North Gustaberg (S),88,Indigo,I,370,Indigo Stratum Abyssite,1539-1544,not built,3,"(798.0,0.0,440.0) | (558.0,-10.0,603.0) | (-322.0,40.0,-42.0)",DSP mob data: none (group []).
Cetus,Grauberg (S),89,,,,,1539-1544,not built,3,"(-510.0,32.1,-795.0) | (-80.0,-7.3,-385.0) | (72.0,-47.7,285.0)",Abyssite path/tier not extracted from wiki roster. DSP mob data: none (group []).
Ocythoe,Grauberg (S),89,,,,,1539-1544,not built,3,"(-510.0,32.1,-795.0) | (-80.0,-7.3,-385.0) | (72.0,-47.7,285.0)",Abyssite path/tier not extracted from wiki roster. DSP mob data: partial (group [13724]).
Melancholic Moira,Pashhow Marshlands (S),90,Indigo,III,372,Indigo Stratum Abyssite III,1539-1544,not built,3,"(-420.0,24.1,-230.0) | (250.0,24.2,92.0) | (552.0,24.5,492.0)",DSP mob data: full (group [13728]).
Agathos,Rolanberry Fields (S),91,,,,,1539-1544,not built,3,"(-360.0,8.0,279.0) | (-435.0,-7.9,15.0) | (-630.0,-23.8,-270.0)",Abyssite path/tier not extracted from wiki roster. DSP mob data: partial (group [13757]).
Akupara,Meriphataud Mountains (S),97,,,,,1539-1544,not built,3,"(200.0,0.0,-520.0) | (-282.0,16.0,602.0) | (-520.0,16.0,520.0)",Abyssite path/tier not extracted from wiki roster. DSP mob data: partial (group [13729]).
Gugalanna,Sauromugue Champaign (S),98,,,,,1539-1544,not built,3,"(-245.0,7.8,245.0) | (80.0,32.0,323.0) | (500.0,8.2,-290.0)",Abyssite path/tier not extracted from wiki roster. DSP mob data: partial (group [13780]).
Cherufe,Batallia Downs,105,,,,,1539-1544,not built,3,"(80.0,8.0,-280.0) | (276.0,8.3,-390.0) | (-320.0,-16.0,-42.0)",Abyssite path/tier not extracted from wiki roster. DSP mob data: partial (group [13825]).
Bhishani,South Gustaberg,107,,,,,1539-1544,not built,3,"(605.0,-0.5,-520.0) | (400.0,-0.0,-240.0) | (250.0,-0.0,-640.0)",Abyssite path/tier not extracted from wiki roster. DSP mob data: none (group []).
Gwynn Ap Nudd,Konschtat Highlands,108,,,,,1539-1544,not built,3,"(-125.0,72.0,720.0) | (395.0,0.0,0.0) | (200.0,-24.0,-400.0)",Abyssite path/tier not extracted from wiki roster. DSP mob data: none (group []).
Murk-veined Baneberry,Pashhow Marshlands,109,Indigo,III,372,Indigo Stratum Abyssite III,1539-1544,not built,3,"(-420.0,24.1,-230.0) | (250.0,24.2,92.0) | (552.0,24.5,492.0)",DSP mob data: none (group []).
Yatagarasu,Rolanberry Fields,110,,,,,1539-1544,not built,3,"(-360.0,8.0,279.0) | (-435.0,-7.9,15.0) | (-630.0,-23.8,-270.0)",Abyssite path/tier not extracted from wiki roster. DSP mob data: partial (group [13755]).
Rw Nw Prt M Hrw,East Sarutabaruta,116,,,,,1539-1544,not built,3,"(-120.0,-4.9,-415.0) | (40.0,-12.0,280.0) | (240.0,-24.0,560.0)",Abyssite path/tier not extracted from wiki roster. DSP mob data: none (group []).
Goji,Sauromugue Champaign,120,,,,,1539-1544,not built,3,"(-245.0,7.8,245.0) | (80.0,32.0,323.0) | (500.0,8.2,-290.0)",Abyssite path/tier not extracted from wiki roster. DSP mob data: partial (group [13779]).
Cath Palug,The Sanctuary of Zi'Tah,121,,,,,1539-1544,not built,3,"(-275.0,0.2,46.0) | (-90.0,0.6,-312.0) | (-400.0,0.3,-130.0)",Abyssite path/tier not extracted from wiki roster. DSP mob data: partial (group [13732]).
Mimic King,Ro'Maeve,122,,,,,1539-1544,not built,3,"(114.0,-8.0,47.0) | (-114.0,-8.0,44.0) | (46.0,-4.0,-36.0)",Abyssite path/tier not extracted from wiki roster. DSP mob data: full (group [13736]).
Holy Moly,Yuhtunga Jungle,123,,,,,1539-1544,not built,3,"(-242.0,0.6,405.0) | (280.0,4.6,215.0) | (-335.0,17.0,-365.0)",Abyssite path/tier not extracted from wiki roster. DSP mob data: none (group []).
Sabotender Campeador,Western Altepa Desert,125,,,,,1539-1544,not built,3,"(554.0,0.7,260.0) | (-228.0,-1.0,-498.0) | (-170.0,0.0,327.0)",Abyssite path/tier not extracted from wiki roster. DSP mob data: none (group []).
Neith,Temple of Uggalepih,159,,,,,1539-1544,not built,3,"(180.1,0.0,-65.0) | (263.0,0.0,55.0) | (-148.0,1.5,-20.0)",Abyssite path/tier not extracted from wiki roster. DSP mob data: none (group []).
Laidly Laurence,Garlaige Citadel (S),164,,,,,1539-1544,not built,3,"(-260.0,-0.1,-20.0) | (-180.0,-0.1,140.0) | (-60.0,0.0,-60.0)",Abyssite path/tier not extracted from wiki roster. DSP mob data: none (group []).
Nympha Eunomia,Crawlers' Nest (S),171,,,,,1539-1544,not built,3,"(55.0,-0.4,260.0) | (-193.0,-0.2,197.0) | (-137.0,-0.3,377.0)",Abyssite path/tier not extracted from wiki roster. DSP mob data: partial (group [13759]).
Tangaroa,Kuftal Tunnel,174,,,,,1539-1544,not built,3,"(-40.0,0.5,50.0) | (136.0,19.7,-130.0) | (130.0,0.0,5.0)",Abyssite path/tier not extracted from wiki roster. DSP mob data: full (group [13820]).
Giltine,The Eldieme Necropolis (S),175,,,,,1539-1544,not built,3,"(-2.0,1.0,43.0) | (42.0,-15.0,322.0) | (180.0,-0.2,140.0)",Abyssite path/tier not extracted from wiki roster. DSP mob data: partial (group [13818]).
Uptala,Ve'Lugannon Palace,177,,,,,1539-1544,not built,3,"(-119.0,0.6,-384.0) | (379.0,0.6,39.0) | (-342.0,0.6,280.0)",Abyssite path/tier not extracted from wiki roster. DSP mob data: partial (group [13739]).
Qilin,The Shrine of Ru'Avitau,178,,,,,1539-1544,not built,3,"(-68.0,-15.4,68.0) | (68.0,-15.4,68.0) | (-68.0,-15.4,-68.0)",Abyssite path/tier not extracted from wiki roster. DSP mob data: partial (group [13746]).
Akvan,Lower Delkfutt's Tower,184,,,,,1539-1544,not built,3,"(421.0,16.4,-20.0) | (388.0,-16.0,121.0) | (505.0,-32.0,95.0)",Abyssite path/tier not extracted from wiki roster. DSP mob data: partial (group [13803]).
Celaeno,Dangruf Wadi,191,Indigo,IV,373,Indigo Stratum Abyssite IV,1539-1544,not built,3,"(-253.0,4.0,505.0) | (-107.0,4.1,187.0) | (-157.0,4.0,-164.0)",DSP mob data: none (group []).
Voidwrought,Outer Horutoto Ruins,194,,,,,1539-1544,not built,3,"(-260.0,0.0,740.0) | (-380.0,0.0,740.0) | (-480.0,0.0,760.0)",Abyssite path/tier not extracted from wiki roster. DSP mob data: none (group []).
Lorbulcrud,Gusgen Mines,196,Indigo,II,371,Indigo Stratum Abyssite II,1539-1544,not built,3,"(40.0,-11.0,436.0) | (-115.0,-60.0,-100.0) | (160.0,-39.8,-20.0)",DSP mob data: none (group []).
Mellonia,Crawlers' Nest,197,,,,,1539-1544,not built,3,"(55.0,-0.4,260.0) | (-193.0,-0.2,197.0) | (-137.0,-0.3,377.0)",Abyssite path/tier not extracted from wiki roster. DSP mob data: partial (group [13754]).
Roly-Poly,Garlaige Citadel,200,,,,,1539-1544,not built,3,"(-340.0,0.0,220.0) | (-260.0,0.0,380.0) | (-140.0,0.0,180.0)",Abyssite path/tier not extracted from wiki roster. DSP mob data: none (group []).
Malleator Maurok,Quicksand Caves,208,,,,,1539-1544,not built,3,"(-85.0,0.0,-40.0) | (75.0,0.0,-200.0) | (40.0,0.0,-130.0)",Abyssite path/tier not extracted from wiki roster. DSP mob data: none (group []).
Asb,Provenance,222,,,,,1539-1544,not built,1,"(-638.0,-18.9,-535.0)",Abyssite path/tier not extracted from wiki roster. DSP mob data: partial (group [11007]).
Provenance Watcher,Provenance,222,,,,,1539-1544,not built,1,"(-638.0,-18.9,-535.0)",Abyssite path/tier not extracted from wiki roster. DSP mob data: partial (group [10989]).
Rukh,Provenance,222,,,,,1539-1544,not built,1,"(-638.0,-18.9,-535.0)",Abyssite path/tier not extracted from wiki roster. DSP mob data: partial (group [11006]).
Sarbaz,Provenance,222,,,,,1539-1544,not built,1,"(-638.0,-18.9,-535.0)",Abyssite path/tier not extracted from wiki roster. DSP mob data: partial (group [11008]).
Shah,Provenance,222,,,,,1539-1544,not built,1,"(-638.0,-18.9,-535.0)",Abyssite path/tier not extracted from wiki roster. DSP mob data: partial (group [11010]).
Wazir,Provenance,222,,,,,1539-1544,not built,1,"(-638.0,-18.9,-535.0)",Abyssite path/tier not extracted from wiki roster. DSP mob data: partial (group [11009]).
Gasha,The Eldieme Necropolis,,,,,,1539-1544,not built,0,,Abyssite path/tier not extracted from wiki roster. Zone id missing from roster. DSP mob data: full (group [13819]).
Kalasutrax,Fort Karugo-Narugo (S),,,,,,1539-1544,not built,0,,Abyssite path/tier not extracted from wiki roster. Zone id missing from roster. DSP mob data: partial (group [13750]).
Pil,Behemoth's Dominion/Provenance,,,,,,1539-1544,not built,0,,Abyssite path/tier not extracted from wiki roster. Zone id missing from roster. DSP mob data: partial (group [11011]).
