name,zone,dsp_pools,dsp_groups,dsp_spawns,lsb_spawns,status,group
Abununnu,Lufaise Meadows,1,2,3,3,full,[0]
Aello,Ru'Aun Gardens,1,1,1,3,partial,[13737]
Agathos,Rolanberry Fields (S),1,1,1,3,partial,[13757]
Akupara,Meriphataud Mountains (S),1,1,2,3,partial,[13729]
Akvan,Lower Delkfutt's Tower,1,1,2,3,partial,[13803]
Asb,Provenance,1,1,1,6,partial,[11007]
Belphoebe,Jugner Forest,1,1,2,3,partial,[13782]
Bhishani,South Gustaberg,0,0,0,3,none,[]
Bismarck,Bibiki Bay - Purgonorgo Isle,0,2,3,3,full,[0]
Botulus Rex,Buburimu Peninsula,1,1,1,3,partial,[13731]
Brekekekex,Caedarva Mire,0,0,0,3,none,[]
Cath Palug,The Sanctuary of Zi'Tah,1,1,1,3,partial,[13732]
Celaeno,Dangruf Wadi,0,0,0,3,none,[]
Cetus,Grauberg (S),0,0,0,1,none,[]
Cherufe,Batallia Downs,1,1,2,3,partial,[13825]
Cottus,East Ronfaure (S),1,1,3,3,full,[11004]
Dimgruzub,Arrapago Reef,1,1,2,3,partial,[13837]
Fjalar,Attohwa Chasm,0,1,3,3,full,[0]
Gasha,The Eldieme Necropolis,0,1,3,3,full,[13819]
Gaunab,Vunkerl Inlet (S),1,1,1,3,partial,[13814]
Giltine,The Eldieme Necropolis (S),1,1,2,3,partial,[13818]
Goji,Sauromugue Champaign,1,1,1,3,partial,[13779]
Gugalanna,Sauromugue Champaign (S),1,1,1,3,partial,[13780]
Gwynn Ap Nudd,Konschtat Highlands,0,0,0,3,none,[]
Hahava,King Ranperre's Tomb,1,1,3,3,full,[13805]
Holy Moly,Yuhtunga Jungle,0,0,0,3,none,[]
Ig-Alima,Valkurm Dunes,1,2,3,3,full,[0]
Ildebrann,Ifrit's Cauldron,1,1,3,3,full,[13815]
Isarukitsck,Uleguerand Range,0,1,3,3,full,[0]
Kalasutrax,Fort Karugo-Narugo (S),1,2,5,6,partial,[13750]
Kholomodumo,Jugner Forest (S),1,1,3,3,full,[13783]
Krabimanjaro,Ordelle's Caves,1,1,3,3,full,[13809]
Laidly Laurence,Garlaige Citadel (S),1,0,0,3,none,[]
Lancing Lamorak,West Ronfaure,1,1,1,3,partial,[13807]
Lorbulcrud,Gusgen Mines,0,0,0,3,none,[]
Lord Asag,Meriphataud Mountains,1,1,3,3,full,[13828]
Malleator Maurok,Quicksand Caves,0,0,0,3,none,[]
Melancholic Moira,Pashhow Marshlands (S),1,1,3,3,full,[13728]
Mellonia,Crawlers' Nest,1,1,1,3,partial,[13754]
Mimic King,Ro'Maeve,1,1,3,3,full,[13736]
Morta,Aydeewa Subterrane,1,1,2,3,partial,[13651]
Murk-veined Baneberry,Pashhow Marshlands,0,0,0,3,none,[]
Neith,Temple of Uggalepih,0,0,0,3,none,[]
Nympha Eunomia,Crawlers' Nest (S),1,1,1,3,partial,[13759]
Ocythoe,Grauberg (S),1,1,1,3,partial,[13724]
Ogbunabali,Maze of Shakhrami,1,0,0,3,none,[]
Pancimanci,West Sarutabaruta (S),1,0,0,3,none,[]
Pil,Behemoth's Dominion/Provenance,0,2,4,9,partial,[11011]
Provenance Watcher,Provenance,1,1,1,3,partial,[10989]
Qilin,The Shrine of Ru'Avitau,1,1,2,3,partial,[13746]
Roly-Poly,Garlaige Citadel,0,0,0,3,none,[]
Rukh,Provenance,1,1,1,6,partial,[11006]
Rw Nw Prt M Hrw,East Sarutabaruta,0,0,0,3,none,[]
Sabotender Campeador,Western Altepa Desert,0,0,0,3,none,[]
Sallow Seymour,North Gustaberg,0,0,0,3,none,[]
Sarbaz,Provenance,1,1,1,6,partial,[11008]
Sarimanok,East Ronfaure,1,1,2,3,partial,[13806]
Shah,Provenance,1,1,2,6,partial,[11010]
Smierc,Tahrongi Canyon,1,1,1,3,partial,[13730]
Stachysaurus,La Theine Plateau,1,1,1,3,partial,[13808]
Tangaroa,Kuftal Tunnel,1,1,3,3,full,[13820]
Taweret,Batallia Downs (S),1,1,1,3,partial,[13824]
Tsui-Goab,Misareaux Coast,0,1,3,3,full,[0]
Uptala,Ve'Lugannon Palace,1,1,1,3,partial,[13739]
Ushumgal,North Gustaberg (S),0,0,0,3,none,[]
Vanasarvik,Mount Zhayolm,1,1,1,3,partial,[13830]
Virvatuli,West Sarutabaruta,1,1,1,3,partial,[13778]
Voidwrought,Outer Horutoto Ruins,0,0,0,3,none,[]
Wazir,Provenance,1,1,2,6,partial,[11009]
Yalungur,Mamook,0,0,0,3,none,[]
Yatagarasu,Rolanberry Fields,1,1,1,3,partial,[13755]