zone,status,offsets,rift,pyxis,maw
4,SHIFT,[71],"Rift:[16793967, 16793968, 16793969]->[16794038, 16794039, 16794040]","Pyxis:[16793970, 16793971, 16793972]->[16794041, 16794042, 16794043]",Maw:[]->[]
5,SHIFT,[1],"Rift:[16798144, 16798145, 16798146]->[16798145, 16798146, 16798147]","Pyxis:[16798147, 16798148, 16798149]->[16798148, 16798149, 16798150]",Maw:[]->[]
7,SHIFT,[1],"Rift:[16806376, 16806377, 16806378]->[16806377, 16806378, 16806379]","Pyxis:[16806379, 16806380, 16806381]->[16806380, 16806381, 16806382]",Maw:[]->[]
15,SHIFT,[1],Rift:[]->[],"Pyxis:[16839114, 16839115, 16839116, 16839117, 16839118, 16839119, 16839120, 16839121, 16839122, 16839123, 16839124, 16839125, 16839126, 16839127, 16839128, 16839129, 16839130, 16839131, 16839133, 16839134, 16839138, 16839139, 16839140, 16839141, 16839142, 16839143, 16839144, 16839145, 16839146, 16839147, 16839178, 16839179, 16839180, 16839181, 16839182, 16839183, 16839184, 16839185, 16839186, 16839187, 16839188, 16839189, 16839190, 16839191, 16839192, 16839193]->[16838669, 16838670, 16838671, 16838672, 16838673, 16839115, 16839116, 16839117, 16839118, 16839119, 16839120, 16839121, 16839122, 16839123, 16839124, 16839125, 16839126, 16839127, 16839128, 16839129, 16839130, 16839131, 16839132, 16839133, 16839134, 16839135, 16839136, 16839137, 16839138, 16839139, 16839140, 16839141, 16839142, 16839143, 16839144, 16839145, 16839146, 16839147, 16839148, 16839149, 16839150, 16839151, 16839152, 16839153, 16839154, 16839155, 16839156, 16839157, 16839158, 16839159, 16839160, 16839161, 16839162, 16839163, 16839164, 16839165, 16839166, 16839167, 16839168, 16839169, 16839170, 16839171, 16839172, 16839173, 16839174, 16839175, 16839176, 16839177, 16839178, 16839179, 16839180, 16839181, 16839182, 16839183, 16839184, 16839185, 16839186, 16839187, 16839188, 16839189, 16839190, 16839191, 16839192, 16839193, 16839194]",Maw:[16839211]->[16839212]
24,SHIFT,[1],"Rift:[16875910, 16875911, 16875912]->[16875911, 16875912, 16875913]","Pyxis:[16875913, 16875914, 16875915]->[16875914, 16875915, 16875916]",Maw:[]->[]
25,SHIFT,[1],"Rift:[16879989, 16879990, 16879991]->[16879990, 16879991, 16879992]","Pyxis:[16879992, 16879993, 16879994]->[16879993, 16879994, 16879995]",Maw:[]->[]
45,SHIFT,[1],Rift:[]->[],"Pyxis:[16961991, 16961992, 16961993, 16961994, 16961995, 16961996, 16961997, 16961998, 16961999, 16962000, 16962001, 16962002, 16962003, 16962004, 16962005, 16962006, 16962007, 16962008, 16962009, 16962010, 16962011, 16962012, 16962013, 16962014, 16962015, 16962016, 16962017, 16962018, 16962019, 16962020, 16962021, 16962022, 16962023, 16962024, 16962025, 16962026, 16962027, 16962028, 16962029, 16962030, 16962031, 16962032, 16962033, 16962034, 16962035, 16962036, 16962037, 16962038, 16962039, 16962040, 16962041, 16962042, 16962043, 16962044, 16962055, 16962056, 16962057, 16962058, 16962059, 16962060, 16962061, 16962062, 16962063, 16962064, 16962065, 16962066, 16962067, 16962068, 16962069, 16962070]->[16961899, 16961900, 16961901, 16961902, 16961903, 16961992, 16961993, 16961994, 16961995, 16961996, 16961997, 16961998, 16961999, 16962000, 16962001, 16962002, 16962003, 16962004, 16962005, 16962006, 16962007, 16962008, 16962009, 16962010, 16962011, 16962012, 16962013, 16962014, 16962015, 16962016, 16962017, 16962018, 16962019, 16962020, 16962021, 16962022, 16962023, 16962024, 16962025, 16962026, 16962027, 16962028, 16962029, 16962030, 16962031, 16962032, 16962033, 16962034, 16962035, 16962036, 16962037, 16962038, 16962039, 16962040, 16962041, 16962042, 16962043, 16962044, 16962045, 16962046, 16962047, 16962048, 16962049, 16962050, 16962051, 16962052, 16962053, 16962054, 16962055, 16962056, 16962057, 16962058, 16962059, 16962060, 16962061, 16962062, 16962063, 16962064, 16962065, 16962066, 16962067, 16962068, 16962069, 16962070, 16962071]",Maw:[16962088]->[16962089]
54,SHIFT,[9],"Rift:[16999060, 16999061, 16999062]->[16999069, 16999070, 16999071]","Pyxis:[16999063, 16999064, 16999065]->[16999072, 16999073, 16999074]",Maw:[]->[]
61,SHIFT,[3],"Rift:[17027619, 17027620, 17027621]->[17027622, 17027623, 17027624]","Pyxis:[17027622, 17027623, 17027624]->[17027625, 17027626, 17027627]",Maw:[]->[]
65,SHIFT,[1],"Rift:[17044052, 17044053, 17044054]->[17044053, 17044054, 17044055]","Pyxis:[17044055, 17044056, 17044057]->[17044056, 17044057, 17044058]",Maw:[]->[]
68,SHIFT,[5],"Rift:[17056470, 17056471, 17056472]->[17056475, 17056476, 17056477]","Pyxis:[17056473, 17056474, 17056475]->[17056478, 17056479, 17056480]",Maw:[]->[]
79,SHIFT,[48],"Rift:[17101345, 17101346, 17101347]->[17101393, 17101394, 17101395]","Pyxis:[17101348, 17101349, 17101350]->[17101396, 17101397, 17101398]",Maw:[]->[]
81,SHIFT,[1],"Rift:[17109850, 17109851, 17109852]->[17109851, 17109852, 17109853]","Pyxis:[17109853, 17109854, 17109855]->[17109854, 17109855, 17109856]",Maw:[17109777]->[17109778]
82,SHIFT,[1],"Rift:[17114040, 17114041, 17114042]->[17114041, 17114042, 17114043]","Pyxis:[17114043, 17114044, 17114045]->[17114044, 17114045, 17114046]",Maw:[17113896]->[17113897]
83,SHIFT,[1],"Rift:[17118042, 17118043, 17118044]->[17118043, 17118044, 17118045]","Pyxis:[17118045, 17118046, 17118047]->[17118046, 17118047, 17118048]",Maw:[]->[]
84,SHIFT,[1],"Rift:[17122255, 17122256, 17122257]->[17122256, 17122257, 17122258]","Pyxis:[17122258, 17122259, 17122260]->[17122259, 17122260, 17122261]","Maw:[17122132, 17122161]->[17122133, 17122162, 17122278, 17122279]"
88,SHIFT,[1],"Rift:[17138606, 17138607, 17138608]->[17138607, 17138608, 17138609]","Pyxis:[17138609, 17138610, 17138611]->[17138610, 17138611, 17138612]",Maw:[17138466]->[17138467]
89,SHIFT,[1],"Rift:[17142618, 17142619, 17142620]->[17142619, 17142620, 17142621]","Pyxis:[17142621, 17142622, 17142623]->[17142622, 17142623, 17142624]",Maw:[]->[17142628]
90,SHIFT,[1],"Rift:[17146651, 17146652, 17146653]->[17146652, 17146653, 17146654]","Pyxis:[17146654, 17146655, 17146656]->[17146655, 17146656, 17146657]",Maw:[17146575]->[17146576]
91,SHIFT,[1],"Rift:[17150836, 17150837, 17150838]->[17150837, 17150838, 17150839]","Pyxis:[17150839, 17150840, 17150841]->[17150840, 17150841, 17150842]","Maw:[17150744]->[17150745, 17150770]"
95,SHIFT,[1],"Rift:[17167319, 17167320, 17167321]->[17167320, 17167321, 17167322]","Pyxis:[17167322, 17167323, 17167324]->[17167323, 17167324, 17167325]",Maw:[17167177]->[17167178]
96,SHIFT,[1],"Rift:[17171280, 17171281, 17171282]->[17171281, 17171282, 17171283]","Pyxis:[17171283, 17171284, 17171285]->[17171284, 17171285, 17171286]",Maw:[]->[]
97,SHIFT,[1],"Rift:[17175422, 17175423, 17175424]->[17175423, 17175424, 17175425]","Pyxis:[17175425, 17175426, 17175427]->[17175426, 17175427, 17175428]",Maw:[17175315]->[17175316]
98,SHIFT,[1],"Rift:[17179516, 17179517, 17179518]->[17179517, 17179518, 17179519]","Pyxis:[17179519, 17179520, 17179521]->[17179520, 17179521, 17179522]","Maw:[17179341, 17179367]->[17179342, 17179368]"
100,SHIFT,[1],"Rift:[17187554, 17187555, 17187556]->[17187555, 17187556, 17187557]","Pyxis:[17187557, 17187558, 17187559]->[17187558, 17187559, 17187560]",Maw:[]->[]
101,SHIFT,"[1, 3]","Rift:[17191575, 17191576, 17191577]->[17191578, 17191579, 17191580]","Pyxis:[17191578, 17191579, 17191580]->[17191581, 17191582, 17191583]",Maw:[17191528]->[17191529]
102,MATCH,[0],"Rift:[17195691, 17195692, 17195693]->[17195691, 17195692, 17195693]","Pyxis:[17195694, 17195695, 17195696]->[17195694, 17195695, 17195696]",Maw:[17195668]->[17195668]
103,SHIFT,"[0, 2]","Rift:[17199764, 17199765, 17199766]->[17199764, 17199765, 17199766]","Pyxis:[17199767, 17199768, 17199769]->[17199767, 17199768, 17199769]",Maw:[17199770]->[17199772]
104,SHIFT,"[-10, -8]","Rift:[17203948, 17203949, 17203950]->[17203940, 17203941, 17203942]","Pyxis:[17203951, 17203952, 17203953]->[17203943, 17203944, 17203945]","Maw:[17203897, 17203944]->[17203887, 17203936]"
105,SHIFT,[5],"Rift:[17207930, 17207931, 17207932]->[17207935, 17207936, 17207937]","Pyxis:[17207933, 17207934, 17207935]->[17207938, 17207939, 17207940]","Maw:[17207850, 17207857]->[17207855, 17207862, 17207866, 17207905, 17207906]"
106,SHIFT,[1],"Rift:[17212116, 17212117, 17212118]->[17212117, 17212118, 17212119]","Pyxis:[17212119, 17212120, 17212121]->[17212120, 17212121, 17212122]","Maw:[17212104, 17212109]->[17212105, 17212110]"
107,SHIFT,[1],"Rift:[17216194, 17216195, 17216196]->[17216195, 17216196, 17216197]","Pyxis:[17216197, 17216198, 17216199]->[17216198, 17216199, 17216200]",Maw:[17216200]->[17216201]
108,SHIFT,[-1],"Rift:[17220179, 17220180, 17220181]->[17220178, 17220179, 17220180]","Pyxis:[17220182, 17220183, 17220184]->[17220181, 17220182, 17220183]",Maw:[17220155]->[17220154]
109,SHIFT,"[1, 3]","Rift:[17224369, 17224370, 17224371]->[17224372, 17224373, 17224374]","Pyxis:[17224372, 17224373, 17224374]->[17224375, 17224376, 17224377]",Maw:[17224354]->[17224355]
110,SHIFT,[1],"Rift:[17228387, 17228388, 17228389]->[17228388, 17228389, 17228390]","Pyxis:[17228390, 17228391, 17228392]->[17228391, 17228392, 17228393]","Maw:[17228361, 17228365]->[17228362, 17228366, 17228370]"
111,SHIFT,[11],"Rift:[17232305, 17232306, 17232307]->[17232316, 17232317, 17232318]","Pyxis:[17232308, 17232309, 17232310]->[17232319, 17232320, 17232321]",Maw:[]->[]
112,SHIFT,[5],Rift:[]->[],Pyxis:[]->[],Maw:[17236343]->[17236348]
115,SHIFT,"[6, 8]","Rift:[17248907, 17248908, 17248909]->[17248915, 17248916, 17248917]","Pyxis:[17248910, 17248911, 17248912]->[17248918, 17248919, 17248920]",Maw:[17248851]->[17248857]
116,SHIFT,[7],"Rift:[17253085, 17253086, 17253087]->[17253092, 17253093, 17253094]","Pyxis:[17253088, 17253089, 17253090]->[17253095, 17253096, 17253097]",Maw:[]->[]
117,SHIFT,[1],"Rift:[17257088, 17257089, 17257090]->[17257089, 17257090, 17257091]","Pyxis:[17257091, 17257092, 17257093]->[17257092, 17257093, 17257094]",Maw:[17257077]->[17257078]
118,SHIFT,[3],"Rift:[17261217, 17261218, 17261219]->[17261220, 17261221, 17261222]","Pyxis:[17261220, 17261221, 17261222]->[17261223, 17261224, 17261225]",Maw:[17261211]->[17261214]
119,SHIFT,"[1, 3]","Rift:[17265313, 17265314, 17265315]->[17265316, 17265317, 17265318]","Pyxis:[17265316, 17265317, 17265318]->[17265319, 17265320, 17265321]",Maw:[17265294]->[17265295]
120,SHIFT,[1],"Rift:[17269272, 17269273, 17269274]->[17269273, 17269274, 17269275]","Pyxis:[17269275, 17269276, 17269277]->[17269276, 17269277, 17269278]","Maw:[17269241, 17269252, 17269256]->[17269242, 17269253, 17269257]"
121,SHIFT,[1],"Rift:[17273429, 17273430, 17273431]->[17273430, 17273431, 17273432]","Pyxis:[17273432, 17273433, 17273434]->[17273433, 17273434, 17273435]",Maw:[]->[]
122,SHIFT,[1],"Rift:[17277249, 17277250, 17277251]->[17277250, 17277251, 17277252]","Pyxis:[17277252, 17277253, 17277254]->[17277253, 17277254, 17277255]",Maw:[]->[]
123,SHIFT,[1],"Rift:[17281667, 17281668, 17281669]->[17281668, 17281669, 17281670]","Pyxis:[17281670, 17281671, 17281672]->[17281671, 17281672, 17281673]",Maw:[]->[]
125,SHIFT,[3],"Rift:[17289808, 17289809, 17289810]->[17289811, 17289812, 17289813]","Pyxis:[17289811, 17289812, 17289813]->[17289814, 17289815, 17289816]",Maw:[]->[]
126,SHIFT,[7],"Rift:[17293802, 17293803, 17293804]->[17293809, 17293810, 17293811]","Pyxis:[17293805, 17293806, 17293807]->[17293812, 17293813, 17293814]",Maw:[]->[]
127,SHIFT,[1],"Rift:[17297501, 17297502, 17297503]->[17297502, 17297503, 17297504]","Pyxis:[17297504, 17297505, 17297506]->[17297505, 17297506, 17297507]",Maw:[]->[]
130,SHIFT,[1],"Rift:[17310111, 17310112, 17310113]->[17310112, 17310113, 17310114]","Pyxis:[17310114, 17310115, 17310116]->[17310115, 17310116, 17310117]",Maw:[]->[]
132,SHIFT,[1],Rift:[]->[],"Pyxis:[17318509, 17318510, 17318511, 17318512, 17318513, 17318514, 17318515, 17318516, 17318517, 17318518, 17318519, 17318520, 17318521, 17318522, 17318523, 17318524, 17318525, 17318526, 17318527, 17318528, 17318529, 17318530, 17318531, 17318532, 17318533, 17318534, 17318535, 17318536, 17318537, 17318538, 17318539, 17318540, 17318541, 17318542, 17318543, 17318544, 17318545, 17318546, 17318547, 17318548, 17318549, 17318550, 17318551, 17318552, 17318553, 17318554, 17318555, 17318556, 17318557, 17318558, 17318559, 17318560, 17318561, 17318562, 17318563, 17318564, 17318565, 17318566, 17318573, 17318574, 17318575, 17318576, 17318577, 17318578, 17318579, 17318580, 17318581, 17318582, 17318583, 17318584, 17318585, 17318586, 17318587, 17318588]->[17318462, 17318463, 17318464, 17318465, 17318510, 17318511, 17318512, 17318513, 17318514, 17318515, 17318516, 17318517, 17318518, 17318519, 17318520, 17318521, 17318522, 17318523, 17318524, 17318525, 17318526, 17318527, 17318528, 17318529, 17318530, 17318531, 17318532, 17318533, 17318534, 17318535, 17318536, 17318537, 17318538, 17318539, 17318540, 17318541, 17318542, 17318543, 17318544, 17318545, 17318546, 17318547, 17318548, 17318549, 17318550, 17318551, 17318552, 17318553, 17318554, 17318555, 17318556, 17318557, 17318558, 17318559, 17318560, 17318561, 17318562, 17318563, 17318564, 17318565, 17318566, 17318567, 17318568, 17318569, 17318570, 17318571, 17318572, 17318573, 17318574, 17318575, 17318576, 17318577, 17318578, 17318579, 17318580, 17318581, 17318582, 17318583, 17318584, 17318585, 17318586, 17318587, 17318588, 17318589]",Maw:[17318608]->[17318609]
137,COUNT_DIFF,[],Rift:[]->[],Pyxis:[]->[],"Maw:[17339224]->[17339078, 17339225]"
153,SHIFT,[2],"Rift:[17404404, 17404405, 17404406]->[17404406, 17404407, 17404408]","Pyxis:[17404407, 17404408, 17404409]->[17404409, 17404410, 17404411]",Maw:[]->[]
159,SHIFT,[1],"Rift:[17429022, 17429023, 17429024]->[17429023, 17429024, 17429025]","Pyxis:[17429025, 17429026, 17429027]->[17429026, 17429027, 17429028]",Maw:[]->[]
164,SHIFT,[1],"Rift:[17449563, 17449564, 17449565]->[17449564, 17449565, 17449566]","Pyxis:[17449566, 17449567, 17449568]->[17449567, 17449568, 17449569]",Maw:[]->[]
171,SHIFT,[208],"Rift:[17478162, 17478163, 17478164]->[17478370, 17478371, 17478372]","Pyxis:[17478165, 17478166, 17478167]->[17478373, 17478374, 17478375]",Maw:[]->[]
174,SHIFT,[1],"Rift:[17490319, 17490320, 17490321]->[17490320, 17490321, 17490322]","Pyxis:[17490322, 17490323, 17490324]->[17490323, 17490324, 17490325]",Maw:[]->[]
175,SHIFT,[7],"Rift:[17494782, 17494783, 17494784]->[17494789, 17494790, 17494791]","Pyxis:[17494785, 17494786, 17494787]->[17494792, 17494793, 17494794]",Maw:[]->[]
177,SHIFT,[1],"Rift:[17502700, 17502701, 17502702]->[17502701, 17502702, 17502703]","Pyxis:[17502703, 17502704, 17502705]->[17502704, 17502705, 17502706]",Maw:[]->[]
178,SHIFT,[1],"Rift:[17506820, 17506821, 17506822]->[17506821, 17506822, 17506823]","Pyxis:[17506823, 17506824, 17506825]->[17506824, 17506825, 17506826]",Maw:[]->[]
182,SHIFT,[1],Rift:[]->[],Pyxis:[]->[],Maw:[17523294]->[17523295]
184,SHIFT,[1],"Rift:[17531226, 17531227, 17531228]->[17531227, 17531228, 17531229]","Pyxis:[17531229, 17531230, 17531231]->[17531230, 17531231, 17531232]",Maw:[]->[]
190,SHIFT,[60],"Rift:[17555961, 17555962, 17555963]->[17556021, 17556022, 17556023]","Pyxis:[17555964, 17555965, 17555966]->[17556024, 17556025, 17556026]",Maw:[]->[]
191,SHIFT,[1],"Rift:[17559929, 17559930, 17559931]->[17559930, 17559931, 17559932]","Pyxis:[17559932, 17559933, 17559934]->[17559933, 17559934, 17559935]",Maw:[]->[]
193,SHIFT,[1],"Rift:[17568198, 17568199, 17568200]->[17568199, 17568200, 17568201]","Pyxis:[17568201, 17568202, 17568203]->[17568202, 17568203, 17568204]",Maw:[]->[]
194,SHIFT,[1],"Rift:[17572303, 17572304, 17572305]->[17572304, 17572305, 17572306]","Pyxis:[17572306, 17572307, 17572308]->[17572307, 17572308, 17572309]",Maw:[]->[]
195,SHIFT,[1],"Rift:[17576433, 17576434, 17576435]->[17576434, 17576435, 17576436]","Pyxis:[17576436, 17576437, 17576438]->[17576437, 17576438, 17576439]",Maw:[]->[]
196,SHIFT,[1],"Rift:[17580410, 17580411, 17580412]->[17580411, 17580412, 17580413]","Pyxis:[17580413, 17580414, 17580415]->[17580414, 17580415, 17580416]",Maw:[]->[]
197,SHIFT,[1],"Rift:[17584498, 17584499, 17584500]->[17584499, 17584500, 17584501]","Pyxis:[17584501, 17584502, 17584503]->[17584502, 17584503, 17584504]",Maw:[]->[]
198,SHIFT,[1],"Rift:[17588782, 17588783, 17588784]->[17588783, 17588784, 17588785]","Pyxis:[17588785, 17588786, 17588787]->[17588786, 17588787, 17588788]",Maw:[]->[]
200,SHIFT,[1],"Rift:[17596859, 17596860, 17596861]->[17596860, 17596861, 17596862]","Pyxis:[17596862, 17596863, 17596864]->[17596863, 17596864, 17596865]",Maw:[]->[]
205,SHIFT,[1],"Rift:[17617261, 17617262, 17617263]->[17617262, 17617263, 17617264]","Pyxis:[17617264, 17617265, 17617266]->[17617265, 17617266, 17617267]",Maw:[]->[]
208,SHIFT,[9],"Rift:[17629764, 17629765, 17629766]->[17629773, 17629774, 17629775]","Pyxis:[17629767, 17629768, 17629769]->[17629776, 17629777, 17629778]",Maw:[]->[]
215,SHIFT,[1],Rift:[]->[],"Pyxis:[17658390, 17658391, 17658392, 17658393, 17658394, 17658395, 17658396, 17658397, 17658398, 17658399, 17658400, 17658401, 17658402, 17658403, 17658404, 17658405, 17658406, 17658407, 17658408, 17658409, 17658410, 17658411, 17658412, 17658413, 17658414, 17658415, 17658416, 17658417, 17658418, 17658419, 17658420, 17658421, 17658422, 17658423, 17658424, 17658425, 17658426, 17658427, 17658428, 17658429, 17658430, 17658431, 17658432, 17658433, 17658434, 17658435, 17658436, 17658437, 17658438, 17658439, 17658440, 17658441, 17658442, 17658443, 17658444, 17658445, 17658446, 17658447, 17658448, 17658449, 17658450, 17658451, 17658452, 17658453, 17658454, 17658455, 17658456, 17658457, 17658458, 17658459, 17658460, 17658461, 17658462, 17658463, 17658464, 17658465, 17658466, 17658467, 17658468, 17658469]->[17658294, 17658295, 17658296, 17658297, 17658391, 17658392, 17658393, 17658394, 17658395, 17658396, 17658397, 17658398, 17658399, 17658400, 17658401, 17658402, 17658403, 17658404, 17658405, 17658406, 17658407, 17658408, 17658409, 17658410, 17658411, 17658412, 17658413, 17658414, 17658415, 17658416, 17658417, 17658418, 17658419, 17658420, 17658421, 17658422, 17658423, 17658424, 17658425, 17658426, 17658427, 17658428, 17658429, 17658430, 17658431, 17658432, 17658433, 17658434, 17658435, 17658436, 17658437, 17658438, 17658439, 17658440, 17658441, 17658442, 17658443, 17658444, 17658445, 17658446, 17658447, 17658448, 17658449, 17658450, 17658451, 17658452, 17658453, 17658454, 17658455, 17658456, 17658457, 17658458, 17658459, 17658460, 17658461, 17658462, 17658463, 17658464, 17658465, 17658466, 17658467, 17658468, 17658469, 17658470]",Maw:[17658506]->[17658507]
216,SHIFT,[1],Rift:[]->[],"Pyxis:[17662595, 17662596, 17662597, 17662598, 17662599, 17662600, 17662601, 17662602, 17662603, 17662604, 17662605, 17662606, 17662607, 17662608, 17662609, 17662610, 17662611, 17662612, 17662613, 17662614, 17662615, 17662616, 17662617, 17662618, 17662619, 17662620, 17662621, 17662622, 17662623, 17662624, 17662625, 17662626, 17662627, 17662628, 17662629, 17662630, 17662631, 17662632, 17662633, 17662634, 17662635, 17662636, 17662637, 17662638, 17662639, 17662640, 17662641, 17662642, 17662643, 17662644, 17662645, 17662646, 17662647, 17662648, 17662649, 17662650, 17662651, 17662652, 17662653, 17662654, 17662655, 17662656, 17662657, 17662658, 17662659, 17662660, 17662661, 17662662, 17662663, 17662664, 17662665, 17662666, 17662667, 17662668, 17662669, 17662670, 17662671, 17662672, 17662673, 17662674]->[17662499, 17662500, 17662501, 17662502, 17662596, 17662597, 17662598, 17662599, 17662600, 17662601, 17662602, 17662603, 17662604, 17662605, 17662606, 17662607, 17662608, 17662609, 17662610, 17662611, 17662612, 17662613, 17662614, 17662615, 17662616, 17662617, 17662618, 17662619, 17662620, 17662621, 17662622, 17662623, 17662624, 17662625, 17662626, 17662627, 17662628, 17662629, 17662630, 17662631, 17662632, 17662633, 17662634, 17662635, 17662636, 17662637, 17662638, 17662639, 17662640, 17662641, 17662642, 17662643, 17662644, 17662645, 17662646, 17662647, 17662648, 17662649, 17662650, 17662651, 17662652, 17662653, 17662654, 17662655, 17662656, 17662657, 17662658, 17662659, 17662660, 17662661, 17662662, 17662663, 17662664, 17662665, 17662666, 17662667, 17662668, 17662669, 17662670, 17662671, 17662672, 17662673, 17662674, 17662675]",Maw:[17662722]->[17662723]
217,SHIFT,[1],Rift:[]->[],"Pyxis:[17666615, 17666616, 17666617, 17666618, 17666619, 17666620, 17666621, 17666622, 17666623, 17666624, 17666625, 17666626, 17666627, 17666628, 17666629, 17666630, 17666631, 17666632, 17666633, 17666634, 17666635, 17666636, 17666637, 17666638, 17666639, 17666640, 17666641, 17666642, 17666643, 17666644, 17666645, 17666646, 17666647, 17666648, 17666650, 17666651, 17666652, 17666653, 17666654, 17666655, 17666656, 17666657, 17666658, 17666659, 17666660, 17666661, 17666662, 17666663, 17666664, 17666665, 17666666, 17666667, 17666679, 17666680, 17666681, 17666682, 17666683, 17666684, 17666685, 17666686, 17666687, 17666688, 17666689, 17666690, 17666691, 17666692, 17666693, 17666694]->[17666519, 17666520, 17666521, 17666522, 17666616, 17666617, 17666618, 17666619, 17666620, 17666621, 17666622, 17666623, 17666624, 17666625, 17666626, 17666627, 17666628, 17666629, 17666630, 17666631, 17666632, 17666633, 17666634, 17666635, 17666636, 17666637, 17666638, 17666639, 17666640, 17666641, 17666642, 17666643, 17666644, 17666645, 17666646, 17666647, 17666648, 17666649, 17666650, 17666651, 17666652, 17666653, 17666654, 17666655, 17666656, 17666657, 17666658, 17666659, 17666660, 17666661, 17666662, 17666663, 17666664, 17666665, 17666666, 17666667, 17666668, 17666669, 17666670, 17666671, 17666672, 17666673, 17666674, 17666675, 17666676, 17666677, 17666678, 17666679, 17666680, 17666681, 17666682, 17666683, 17666684, 17666685, 17666686, 17666687, 17666688, 17666689, 17666690, 17666691, 17666692, 17666693, 17666694, 17666695]",Maw:[17666735]->[17666736]
218,SHIFT,[1],Rift:[]->[],"Pyxis:[17670627, 17670628, 17670629, 17670630, 17670631, 17670632, 17670633, 17670634, 17670635, 17670636, 17670637, 17670638, 17670639, 17670640, 17670641, 17670642, 17670643, 17670644, 17670645, 17670646, 17670647, 17670648, 17670649, 17670650, 17670651, 17670652, 17670653, 17670654, 17670655, 17670656, 17670657, 17670658, 17670659, 17670660, 17670661, 17670662, 17670663, 17670664, 17670665, 17670666, 17670667, 17670668, 17670669, 17670670, 17670671, 17670672, 17670673, 17670674, 17670675, 17670676, 17670677, 17670678, 17670679, 17670680, 17670681, 17670682, 17670683, 17670684, 17670685, 17670686, 17670687, 17670688, 17670689, 17670690, 17670691, 17670692, 17670693, 17670694, 17670695, 17670696, 17670697, 17670698, 17670699, 17670700, 17670701, 17670702, 17670703, 17670704, 17670705, 17670706]->[17670547, 17670548, 17670549, 17670550, 17670628, 17670629, 17670630, 17670631, 17670632, 17670633, 17670634, 17670635, 17670636, 17670637, 17670638, 17670639, 17670640, 17670641, 17670642, 17670643, 17670644, 17670645, 17670646, 17670647, 17670648, 17670649, 17670650, 17670651, 17670652, 17670653, 17670654, 17670655, 17670656, 17670657, 17670658, 17670659, 17670660, 17670661, 17670662, 17670663, 17670664, 17670665, 17670666, 17670667, 17670668, 17670669, 17670670, 17670671, 17670672, 17670673, 17670674, 17670675, 17670676, 17670677, 17670678, 17670679, 17670680, 17670681, 17670682, 17670683, 17670684, 17670685, 17670686, 17670687, 17670688, 17670689, 17670690, 17670691, 17670692, 17670693, 17670694, 17670695, 17670696, 17670697, 17670698, 17670699, 17670700, 17670701, 17670702, 17670703, 17670704, 17670705, 17670706, 17670707]",Maw:[17670726]->[17670727]
222,SHIFT,[1],Rift:[17686642]->[17686643],Pyxis:[]->[],Maw:[]->[]
253,SHIFT,[1],Rift:[]->[],"Pyxis:[17813987, 17813988, 17813989, 17813990, 17813991, 17813992, 17813993, 17813994, 17813995, 17813996, 17813997, 17813998, 17813999, 17814000, 17814001, 17814002, 17814003, 17814004, 17814005, 17814006, 17814007, 17814008, 17814009, 17814010, 17814011, 17814012, 17814013, 17814014, 17814015, 17814016, 17814017, 17814018, 17814019, 17814020, 17814021, 17814022, 17814023, 17814024, 17814025, 17814026, 17814027, 17814028, 17814029, 17814030, 17814031, 17814032, 17814033, 17814034, 17814035, 17814036, 17814037, 17814038, 17814039, 17814040, 17814042, 17814043, 17814051, 17814052, 17814053, 17814054, 17814055, 17814056, 17814057, 17814058, 17814059, 17814060, 17814061, 17814062, 17814063, 17814064, 17814065, 17814066]->[17813906, 17813907, 17813908, 17813909, 17813988, 17813989, 17813990, 17813991, 17813992, 17813993, 17813994, 17813995, 17813996, 17813997, 17813998, 17813999, 17814000, 17814001, 17814002, 17814003, 17814004, 17814005, 17814006, 17814007, 17814008, 17814009, 17814010, 17814011, 17814012, 17814013, 17814014, 17814015, 17814016, 17814017, 17814018, 17814019, 17814020, 17814021, 17814022, 17814023, 17814024, 17814025, 17814026, 17814027, 17814028, 17814029, 17814030, 17814031, 17814032, 17814033, 17814034, 17814035, 17814036, 17814037, 17814038, 17814039, 17814040, 17814041, 17814042, 17814043, 17814044, 17814045, 17814046, 17814047, 17814048, 17814049, 17814050, 17814051, 17814052, 17814053, 17814054, 17814055, 17814056, 17814057, 17814058, 17814059, 17814060, 17814061, 17814062, 17814063, 17814064, 17814065, 17814066, 17814067]",Maw:[17814086]->[17814087]
254,SHIFT,[1],Rift:[]->[],"Pyxis:[17818119, 17818120, 17818121, 17818122, 17818123, 17818124, 17818125, 17818126, 17818127, 17818128, 17818129, 17818130, 17818131, 17818132, 17818133, 17818134, 17818135, 17818136, 17818137, 17818138, 17818139, 17818140, 17818141, 17818142, 17818143, 17818145, 17818146, 17818147, 17818148, 17818149, 17818151, 17818152, 17818183, 17818184, 17818185, 17818186, 17818187, 17818188, 17818189, 17818190, 17818191, 17818192, 17818193, 17818194, 17818195, 17818196, 17818197, 17818198]->[17818037, 17818038, 17818039, 17818040, 17818120, 17818121, 17818122, 17818123, 17818124, 17818125, 17818126, 17818127, 17818128, 17818129, 17818130, 17818131, 17818132, 17818133, 17818134, 17818135, 17818136, 17818137, 17818138, 17818139, 17818140, 17818141, 17818142, 17818143, 17818144, 17818145, 17818146, 17818147, 17818148, 17818149, 17818150, 17818151, 17818152, 17818153, 17818154, 17818155, 17818156, 17818157, 17818158, 17818159, 17818160, 17818161, 17818162, 17818163, 17818164, 17818165, 17818166, 17818167, 17818168, 17818169, 17818170, 17818171, 17818172, 17818173, 17818174, 17818175, 17818176, 17818177, 17818178, 17818179, 17818180, 17818181, 17818182, 17818183, 17818184, 17818185, 17818186, 17818187, 17818188, 17818189, 17818190, 17818191, 17818192, 17818193, 17818194, 17818195, 17818196, 17818197, 17818198, 17818199]",Maw:[17818218]->[17818219]
255,SHIFT,[4],Rift:[]->[],Pyxis:[]->[],Maw:[17821709]->[17821713]
