nm,poolid,lsb_skill_list,dsp_skill_list,lsb_n,dsp_n,lsb_not_in_dsp_list,lsb_ids_missing_from_dsp_mob_skills,missing_skill_names
Abununnu,4692,358,358,5,5,0,0,
Aello,4720,471,471,7,7,0,0,
Agathos,4701,6,6,6,6,0,0,
Akupara,4684,2,2,6,6,0,0,
Akvan,5162,4,4,8,8,0,0,
Asb,4664,450,450,14,14,0,0,
Belphoebe,5152,195,195,8,8,0,0,
Bhishani,4688,195,195,8,8,0,0,
Bismarck,4669,451,451,9,9,0,0,
Botulus Rex,4734,112,112,4,5,0,0,
Brekekekex,5207,196,196,5,6,0,0,
Cath Palug,4732,71,71,2,2,0,0,
Celaeno,6890,471,,7,0,7,0,
Cetus,6821,451,,9,0,9,0,
Cherufe,5185,257,257,5,5,0,0,
Cottus,4656,328,328,0,0,0,0,
Dimgruzub,5198,203,203,6,6,0,0,
Fjalar,6814,316,,7,0,7,0,
Gaunab,5173,340,340,6,6,0,0,
Giltine,5178,74,74,4,4,0,0,
Goji,5149,118,118,3,5,0,0,
Gugalanna,5150,240,240,6,6,0,0,
Gwynn Ap Nudd,5163,74,74,4,4,0,0,
Hahava,5164,472,472,18,16,2,0,
Holy Moly,6847,207,,5,0,5,0,
Ig-Alima,4693,467,467,7,7,0,0,
Ildebrann,5175,263,263,5,5,2,0,
Isarukitsck,6811,27,,5,0,5,0,
Kalasutrax,4708,472,472,18,16,2,0,
Kholomodumo,5153,51,51,7,7,0,0,
Krabimanjaro,5168,77,77,5,5,0,0,
Laidly Laurence,5146,215,215,3,3,0,0,
Lancing Lamorak,5166,49,49,5,5,0,0,
Lorbulcrud,5311,66,66,3,3,0,0,
Lord Asag,5189,309,309,7,7,0,0,
Malleator Maurok,6900,217,,8,0,8,0,
Melancholic Moira,4683,186,186,4,5,0,0,
Mellonia,4704,61,61,4,4,0,0,
Mimic King,4727,183,183,1,1,0,0,
Morta,4668,453,453,6,6,0,0,
Murk-veined Baneberry,5312,243,243,8,8,0,0,
Neith,6726,0,,0,0,0,0,
Nympha Eunomia,4699,254,254,5,6,0,0,
Ocythoe,4679,471,471,7,7,0,0,
Ogbunabali,5161,26,26,4,4,0,0,
Pancimanci,4711,178,178,6,6,0,0,
Provenance Watcher,4654,462,462,16,16,0,0,
Qilin,4716,281,281,6,8,0,0,
Roly-Poly,5147,112,112,4,5,0,0,
Rukh,4663,450,450,14,14,0,0,
Rw Nw Prt M Hrw,4709,149,149,7,19,0,0,
Sabotender Campeador,6851,212,,3,0,3,0,
Sallow Seymour,4687,258,258,7,7,0,0,
Sarbaz,4665,450,450,14,14,0,0,
Sarimanok,5165,198,198,4,5,0,0,
Shah,4667,450,450,14,14,0,0,
Smierc,4735,227,227,4,4,0,0,
Stachysaurus,5167,257,257,5,5,0,0,
Tangaroa,5180,251,251,4,5,4,0,
Taweret,5184,58,58,6,6,0,0,
Tsui-Goab,6739,340,,6,0,6,0,
Uptala,4719,472,472,18,16,2,0,
Ushumgal,6820,803,,7,0,7,0,
Vanasarvik,5191,165,165,3,3,0,0,
Virvatuli,5148,0,0,0,0,0,0,
Voidwrought,6724,0,,0,0,0,0,
Wazir,4666,450,450,14,14,0,0,
Yalungur,6755,72,,3,0,3,0,
Yatagarasu,4703,125,125,5,5,4,0,
Kaggen,4694,340,340,6,6,0,0,
Modron,5159,245,245,4,4,0,0,
