wiki,zone,path,tier,wiki_chars,lsb_pool,lsb_groups,lsb_spawn,lsb_zones,dsp_pool,dsp_groups,dsp_spawn,dsp_zones
Abununnu,Lufaise Meadows,,,1620,4692,1,3,24,4692,0,0,
Aello,Ru'Aun Gardens,Ashen,III,3420,4720,1,3,130,4720,0,0,
Agathos,Rolanberry Fields (S),,,1458,4701,1,3,91,4701,0,0,
Akupara,Meriphataud Mountains (S),,,1364,4684,1,3,97,4684,0,0,
Akvan,Lower Delkfutt's Tower,,,1975,5162,1,3,184,5162,0,0,
Asb,Provenance,,,606,4664,1,6,222,4664,0,0,
Belphoebe,Jugner Forest,Crimson,III,2675,5152,1,3,104,5152,0,0,
Bhishani,South Gustaberg,,,1666,4688,1,3,107,,0,0,
Bismarck,Bibiki Bay - Purgonorgo Isle,,,3477,4669,1,3,4,,0,0,
Botulus Rex,Buburimu Peninsula,,,3795,4734,1,3,118,4734,0,0,
Brekekekex,Caedarva Mire,,,2017,5207,1,3,79,,0,0,
Cath Palug,The Sanctuary of Zi'Tah,,,1339,4732,1,3,121,4732,0,0,
Celaeno,Dangruf Wadi,Indigo,IV,3634,6890,1,3,191,,0,0,
Cetus,Grauberg (S),,,925,6821,1,1,89,,0,0,
Cherufe,Batallia Downs,,,1141,5185,1,3,105,5185,0,0,
Cottus,East Ronfaure (S),Crimson,I,2123,4656,1,3,81,4656,0,0,
Dimgruzub,Arrapago Reef,,,2786,5198,1,3,54,5198,0,0,
Fjalar,Attohwa Chasm,,,2539,6814,1,3,7,,0,0,
Gasha,The Eldieme Necropolis,,,1457,,0,3,,,0,0,
Gaunab,Vunkerl Inlet (S),,,2098,5173,1,3,83,5173,0,0,
Giltine,The Eldieme Necropolis (S),,,1833,5178,1,3,175,5178,0,0,
Goji,Sauromugue Champaign,,,974,5149,1,3,120,5149,0,0,
Gugalanna,Sauromugue Champaign (S),,,1146,5150,1,3,98,5150,0,0,
Gwynn Ap Nudd,Konschtat Highlands,,,1301,5163,1,3,108,,0,0,
Hahava,King Ranperre's Tomb,Crimson,IV,4252,5164,1,3,190,5164,0,0,
Holy Moly,Yuhtunga Jungle,,,1314,6847,1,3,123,,0,0,
Ig-Alima,Valkurm Dunes,,,3135,4693,1,3,103,4693,0,0,
Ildebrann,Ifrit's Cauldron,,,2093,5175,1,3,205,5175,0,0,
Isarukitsck,Uleguerand Range,,,1856,6811,1,3,5,,0,0,
Kalasutrax,Fort Karugo-Narugo (S),,,2032,4708,2,6,"96,111",4708,0,0,
Kholomodumo,Jugner Forest (S),Crimson,III,2899,5153,1,3,82,5153,0,0,
Krabimanjaro,Ordelle's Caves,Crimson,II,2123,5168,1,3,193,5168,0,0,
Laidly Laurence,Garlaige Citadel (S),,,1234,5146,1,3,164,5146,0,0,
Lancing Lamorak,West Ronfaure,,,1299,5166,1,3,100,5166,0,0,
Lorbulcrud,Gusgen Mines,Indigo,II,2136,5311,1,3,196,,0,0,
Lord Asag,Meriphataud Mountains,,,1838,5189,1,3,119,5189,0,0,
Malleator Maurok,Quicksand Caves,,,1035,6900,1,3,208,,0,0,
Melancholic Moira,Pashhow Marshlands (S),Indigo,III,2418,4683,1,3,90,4683,0,0,
Mellonia,Crawlers' Nest,,,1493,4704,1,3,197,4704,0,0,
Mimic King,Ro'Maeve,,,1597,4727,1,3,122,4727,0,0,
Morta,Aydeewa Subterrane,,,2972,4668,1,3,68,4668,0,0,
Murk-veined Baneberry,Pashhow Marshlands,Indigo,III,2434,5312,1,3,109,,0,0,
Neith,Temple of Uggalepih,,,1217,6726,1,3,159,,0,0,
Nympha Eunomia,Crawlers' Nest (S),,,1470,4699,1,3,171,4699,0,0,
Ocythoe,Grauberg (S),,,1888,4679,1,3,89,4679,0,0,
Ogbunabali,Maze of Shakhrami,,,1238,5161,1,3,198,5161,0,0,
Pancimanci,West Sarutabaruta (S),,,1241,4711,1,3,95,4711,0,0,
Pil,Behemoth's Dominion/Provenance,,,3362,,0,9,,,0,0,
Provenance Watcher,Provenance,,,6210,4654,1,3,222,4654,0,0,
Qilin,The Shrine of Ru'Avitau,,,3170,4716,1,3,178,4716,0,0,
Roly-Poly,Garlaige Citadel,,,1380,5147,1,3,200,5147,0,0,
Rukh,Provenance,,,608,4663,1,6,222,4663,0,0,
Rw Nw Prt M Hrw,East Sarutabaruta,,,1270,4709,1,3,116,,0,0,
Sabotender Campeador,Western Altepa Desert,,,1325,6851,1,3,125,,0,0,
Sallow Seymour,North Gustaberg,Indigo,I,1510,4687,1,3,106,,0,0,
Sarbaz,Provenance,,,605,4665,1,6,222,4665,0,0,
Sarimanok,East Ronfaure,Crimson,I,1942,5165,1,3,101,5165,0,0,
Shah,Provenance,,,605,4667,1,6,222,4667,0,0,
Smierc,Tahrongi Canyon,,,1077,4735,1,3,117,4735,0,0,
Stachysaurus,La Theine Plateau,,,1035,5167,1,3,102,5167,0,0,
Tangaroa,Kuftal Tunnel,,,1476,5180,1,3,174,5180,0,0,
Taweret,Batallia Downs (S),,,1022,5184,1,3,84,5184,0,0,
Tsui-Goab,Misareaux Coast,,,2480,6739,1,3,25,,0,0,
Uptala,Ve'Lugannon Palace,,,1898,4719,1,3,177,4719,0,0,
Ushumgal,North Gustaberg (S),Indigo,I,1927,6820,1,3,88,,0,0,
Vanasarvik,Mount Zhayolm,,,1761,5191,1,3,61,5191,0,0,
Virvatuli,West Sarutabaruta,,,1151,5148,1,3,115,5148,0,0,
Voidwrought,Outer Horutoto Ruins,,,2303,6724,1,3,194,,0,0,
Wazir,Provenance,,,606,4666,1,6,222,4666,0,0,
Yalungur,Mamook,,,2165,6755,1,3,65,,0,0,
Yatagarasu,Rolanberry Fields,,,1087,4703,1,3,110,4703,0,0,
