zone,lsb_name,dsp_name,nm_count
4,Bibiki_Bay,Bibiki_Bay,1
5,Uleguerand_Range,Uleguerand_Range,1
7,Attohwa_Chasm,Attohwa_Chasm,1
24,Lufaise_Meadows,Lufaise_Meadows,1
25,Misareaux_Coast,Misareaux_Coast,1
54,Arrapago_Reef,Arrapago_Reef,1
61,Mount_Zhayolm,Mount_Zhayolm,1
65,Mamook,Mamook,1
68,Aydeewa_Subterrane,Aydeewa_Subterrane,1
79,Caedarva_Mire,Caedarva_Mire,1
81,East_Ronfaure_[S],East_Ronfaure_[S],1
82,Jugner_Forest_[S],Jugner_Forest_[S],1
83,Vunkerl_Inlet_[S],Vunkerl_Inlet_[S],1
84,Batallia_Downs_[S],Batallia_Downs_[S],1
88,North_Gustaberg_[S],North_Gustaberg_[S],1
89,Grauberg_[S],Grauberg_[S],2
90,Pashhow_Marshlands_[S],Pashhow_Marshlands_[S],1
91,Rolanberry_Fields_[S],Rolanberry_Fields_[S],1
95,West_Sarutabaruta_[S],West_Sarutabaruta_[S],1
96,Fort_Karugo-Narugo_[S],Fort_Karugo-Narugo_[S],1
97,Meriphataud_Mountains_[S],Meriphataud_Mountains_[S],1
98,Sauromugue_Champaign_[S],Sauromugue_Champaign_[S],1
100,West_Ronfaure,West_Ronfaure,1
101,East_Ronfaure,East_Ronfaure,1
102,La_Theine_Plateau,La_Theine_Plateau,1
103,Valkurm_Dunes,Valkurm_Dunes,1
104,Jugner_Forest,Jugner_Forest,1
105,Batallia_Downs,Batallia_Downs,1
106,North_Gustaberg,North_Gustaberg,1
107,South_Gustaberg,South_Gustaberg,1
108,Konschtat_Highlands,Konschtat_Highlands,1
109,Pashhow_Marshlands,Pashhow_Marshlands,1
110,Rolanberry_Fields,Rolanberry_Fields,1
111,Beaucedine_Glacier,Beaucedine_Glacier,1
115,West_Sarutabaruta,West_Sarutabaruta,1
116,East_Sarutabaruta,East_Sarutabaruta,1
117,Tahrongi_Canyon,Tahrongi_Canyon,1
118,Buburimu_Peninsula,Buburimu_Peninsula,1
119,Meriphataud_Mountains,Meriphataud_Mountains,1
120,Sauromugue_Champaign,Sauromugue_Champaign,1
121,The_Sanctuary_of_ZiTah,The_Sanctuary_of_ZiTah,1
122,RoMaeve,RoMaeve,1
123,Yuhtunga_Jungle,Yuhtunga_Jungle,1
125,Western_Altepa_Desert,Western_Altepa_Desert,1
126,Qufim_Island,Qufim_Island,1
130,RuAun_Gardens,RuAun_Gardens,1
153,The_Boyahda_Tree,The_Boyahda_Tree,1
159,Temple_of_Uggalepih,Temple_of_Uggalepih,1
164,Garlaige_Citadel_[S],Garlaige_Citadel_[S],1
171,Crawlers_Nest_[S],Crawlers_Nest_[S],1
174,Kuftal_Tunnel,Kuftal_Tunnel,1
175,The_Eldieme_Necropolis_[S],The_Eldieme_Necropolis_[S],1
177,VeLugannon_Palace,VeLugannon_Palace,1
178,The_Shrine_of_RuAvitau,The_Shrine_of_RuAvitau,1
184,Lower_Delkfutts_Tower,Lower_Delkfutts_Tower,1
190,King_Ranperres_Tomb,King_Ranperres_Tomb,1
191,Dangruf_Wadi,Dangruf_Wadi,1
193,Ordelles_Caves,Ordelles_Caves,1
194,Outer_Horutoto_Ruins,Outer_Horutoto_Ruins,1
196,Gusgen_Mines,Gusgen_Mines,1
197,Crawlers_Nest,Crawlers_Nest,1
198,Maze_of_Shakhrami,Maze_of_Shakhrami,1
200,Garlaige_Citadel,Garlaige_Citadel,1
205,Ifrits_Cauldron,Ifrits_Cauldron,1
208,Quicksand_Caves,Quicksand_Caves,1
222,Provenance,Provenance,6